iter	RMSE
0	442.4152145
1	332.1938451
2	28.68940707
3	381.188472
4	411.4253647
5	450.7266895
6	298.8677916
